timestamp,asset,price,change_percent,volume
2026-09-24 22:55:10,Apex Technologies Ltd.,150.00,2.4,1250000
2026-09-24 22:55:10,Nova Energy Corp.,81.67,-0.4,2293809
2026-09-24 22:55:10,Helix Pharma Inc.,42.00,1.2,771386
2026-09-24 22:56:18,Apex Technologies Ltd.,151.20,3.1,1480000
2026-09-24 22:56:23,Nova Energy Corp.,80.53,-1.4,2206009
2026-09-24 22:56:53,Helix Pharma Inc.,41.83,-0.4,755474
2026-09-24 22:57:42,Apex Technologies Ltd.,149.80,-0.9,1120000
2026-09-24 22:58:05,Helix Pharma Inc.,42.16,0.8,716132
2026-09-24 22:58:08,Nova Energy Corp.,80.45,-0.1,2563787
2026-09-24 22:59:05,Apex Technologies Ltd.,152.10,4.2,1750000
2026-09-24 22:59:26,Nova Energy Corp.,79.57,-1.1,2300843
2026-09-24 22:59:37,Helix Pharma Inc.,41.91,-0.6,408858
2026-09-24 23:00:48,Helix Pharma Inc.,41.83,-0.2,763430
2026-09-24 23:01:01,Nova Energy Corp.,78.85,-0.9,2238784
2026-09-24 23:01:21,Apex Technologies Ltd.,153.40,5.0,1940000
2026-09-24 23:02:02,Helix Pharma Inc.,41.79,-0.1,660824
2026-09-24 23:02:28,Nova Energy Corp.,79.64,1.0,1241783
2026-09-24 23:03:16,Helix Pharma Inc.,42.17,0.9,891593
2026-09-24 23:03:44,Apex Technologies Ltd.,151.70,1.8,1390000
2026-09-24 23:04:15,Nova Energy Corp.,78.84,-1.0,2923236
2026-09-24 23:04:28,Helix Pharma Inc.,42.63,1.1,646534
2026-09-24 23:05:22,Apex Technologies Ltd.,153.98,1.5,1058113
2026-09-24 23:05:38,Nova Energy Corp.,79.31,0.6,3384102
2026-09-24 23:05:46,Helix Pharma Inc.,42.84,0.5,457779
2026-09-24 23:07:01,Apex Technologies Ltd.,151.98,-1.3,1675731
2026-09-24 23:07:18,Helix Pharma Inc.,43.18,0.8,892152
2026-09-24 23:07:26,Nova Energy Corp.,78.75,-0.7,1949775
2026-09-24 23:08:23,Apex Technologies Ltd.,153.20,0.8,1829455
2026-09-24 23:08:32,Helix Pharma Inc.,43.44,0.6,679598
2026-09-24 23:08:45,Nova Energy Corp.,78.51,-0.3,2416048
2026-09-24 23:09:43,Helix Pharma Inc.,43.74,0.7,642150
2026-09-24 23:10:13,Apex Technologies Ltd.,153.05,-0.1,1373601
2026-09-24 23:10:34,Nova Energy Corp.,77.88,-0.8,2409670
2026-09-24 23:11:32,Helix Pharma Inc.,43.57,-0.4,666913
2026-09-24 23:11:48,Nova Energy Corp.,77.88,0.0,2229317
2026-09-24 23:11:51,Apex Technologies Ltd.,153.36,0.2,1623505
2026-09-24 23:12:42,Helix Pharma Inc.,43.48,-0.2,758656
2026-09-24 23:13:38,Nova Energy Corp.,77.57,-0.4,2669013
2026-09-24 23:13:41,Apex Technologies Ltd.,157.65,2.8,1721491
2026-09-24 23:14:32,Helix Pharma Inc.,43.70,0.5,881931
2026-09-24 23:15:11,Nova Energy Corp.,76.95,-0.8,1947869
2026-09-24 23:15:19,Apex Technologies Ltd.,157.02,-0.4,1158496
2026-09-24 23:16:08,Helix Pharma Inc.,43.66,-0.1,642812
2026-09-24 23:16:39,Apex Technologies Ltd.,155.61,-0.9,1104260
2026-09-24 23:16:58,Nova Energy Corp.,75.80,-1.5,2156055
2026-09-24 23:17:53,Apex Technologies Ltd.,157.01,0.9,1571226
2026-09-24 23:17:55,Helix Pharma Inc.,43.31,-0.8,846777
2026-09-24 23:18:32,Nova Energy Corp.,75.57,-0.3,2321691
2026-09-24 23:19:18,Apex Technologies Ltd.,155.60,-0.9,1195023
2026-09-24 23:19:39,Helix Pharma Inc.,43.83,1.2,933899
2026-09-24 23:19:56,Nova Energy Corp.,75.42,-0.2,1810230
2026-09-24 23:20:48,Apex Technologies Ltd.,153.58,-1.3,1710517
2026-09-24 23:20:50,Helix Pharma Inc.,43.79,-0.1,863713
2026-09-24 23:21:18,Nova Energy Corp.,75.57,0.2,2596309
2026-09-24 23:22:01,Helix Pharma Inc.,43.88,0.2,1045799
2026-09-24 23:22:31,Apex Technologies Ltd.,154.19,0.4,1749086
2026-09-24 23:23:03,Nova Energy Corp.,75.72,0.2,3071146
2026-09-24 23:23:41,Apex Technologies Ltd.,153.88,-0.2,1217233
2026-09-24 23:23:42,Helix Pharma Inc.,43.97,0.2,569085
2026-09-24 23:24:43,Nova Energy Corp.,74.89,-1.1,1833901
2026-09-24 23:25:08,Apex Technologies Ltd.,152.96,-0.6,1709948
2026-09-24 23:25:23,Helix Pharma Inc.,43.97,0.0,824113
2026-09-24 23:25:59,Nova Energy Corp.,75.11,0.3,2418525
2026-09-24 23:26:23,Apex Technologies Ltd.,152.50,-0.3,1248020
2026-09-24 23:26:52,Helix Pharma Inc.,44.28,0.7,972389
2026-09-24 23:27:25,Nova Energy Corp.,74.81,-0.4,2754148
2026-09-24 23:27:47,Apex Technologies Ltd.,152.04,-0.3,1494037
2026-09-24 23:28:35,Helix Pharma Inc.,44.68,0.9,1104294
2026-09-24 23:28:51,Nova Energy Corp.,73.31,-2.0,2534749
2026-09-24 23:29:33,Apex Technologies Ltd.,152.04,0.0,1198159
2026-09-24 23:30:13,Helix Pharma Inc.,44.41,-0.6,801262
2026-09-24 23:30:32,Nova Energy Corp.,72.87,-0.6,2351217
2026-09-24 23:31:01,Apex Technologies Ltd.,149.30,-1.8,1994216
2026-09-24 23:31:46,Nova Energy Corp.,73.02,0.2,2442258
2026-09-24 23:31:48,Helix Pharma Inc.,44.32,-0.2,708078
2026-09-24 23:32:11,Apex Technologies Ltd.,149.90,0.4,2168481
2026-09-24 23:33:24,Apex Technologies Ltd.,146.00,-2.6,1657669
2026-09-24 23:33:25,Helix Pharma Inc.,44.54,0.5,546922
2026-09-24 23:33:35,Nova Energy Corp.,72.36,-0.9,1875882
2026-09-24 23:34:47,Helix Pharma Inc.,44.81,0.6,692301
2026-09-24 23:34:58,Nova Energy Corp.,72.00,-0.5,1940999
2026-09-24 23:34:59,Apex Technologies Ltd.,144.39,-1.1,1687244
2026-09-24 23:36:21,Apex Technologies Ltd.,144.39,0.0,1265914
2026-09-24 23:36:34,Nova Energy Corp.,71.50,-0.7,2149624
2026-09-24 23:36:34,Helix Pharma Inc.,45.03,0.5,747576
2026-09-24 23:37:36,Apex Technologies Ltd.,144.10,-0.2,1548590
2026-09-24 23:37:52,Helix Pharma Inc.,44.35,-1.5,806765
2026-09-24 23:37:55,Nova Energy Corp.,71.07,-0.6,2606455
2026-09-24 23:39:12,Apex Technologies Ltd.,143.96,-0.1,1349859
2026-09-24 23:39:13,Nova Energy Corp.,71.00,-0.1,2225495
